,nama,harga
0,"[DUAL SIM] iPhone 11 128GB / 128 RED, BLACK, WHITE, PURPLE, GREEN",13549000
1,(DUAL SIM) iPhone 256GB / 256 11 Pro Gold Green Silver - Grey / Gray,19990000
2,(DUAL SIM) iPhone 128GB / 128 11 - Black Green White Yellow Purple Red,13499000
3,iPhone 11 64 / 64gb Garansi Resmi TAM / IBOX,13335000
4,Iphone 11 128GB Garansi Resmi TAM / Ibox,14675000
5,[DUAL SIM] iPhone 11 Pro Max 256GB 256 Space Gray Green Silver Gold,21599000
6,APPLE IPHONE 11 128GB GRS RESMI IBOX INDONESIA,14499000
7,"[DUAL SIM] iPhone 11 64GB / 64 RED, BLACK, WHITE, PURPLE, GREEN",12599000
8,Iphone 11 64GB Garansi Resmi TAM / Ibox,12950000
9,iPhone 11 128GB | NEW - SEGEL-ORIGINAL-GARANSI Apple iPhone 11 128 GB,12660000
10,Iphone 11 Pro Max MidNight Green - 256GB Ori 100% apple Store,21500000
11,(DUAL SIM) iPhone 256GB / 256 11 Pro Max Gold Green Silver Grey / Gray,21250000
12,iPhone 11 64GB Garansi Resmi 1Tahun Ibox,12650000
13,Iphone 11 128gb second fullset mulus terawat,10998000
14,Iphone 11 Pro 64gb Bekas,13250000
15,Iphone 11 second original 64gb,10699000
16,Iphone 11 128gb Bekas Fullset,11120000
17,"[DUAL SIM] iPhone 11 256GB / 256 RED, BLACK, WHITE, PURPLE, GREEN",15299000
18,Iphone 11 128gb red white yellow black 100% ori apple resmi Garansi,13550000
19,(Ready)Iphone 11 128GB Dual Nano Sim HK Black/Red/White,14000000
20,[ Dual Sim ] IPHONE 11 128gb Black White Red Yellow Green Purple,13749000
21,Iphone 11 64gb red/white/yellow black garansi 1thn apple store resmi,12800000
22,iPhone 11 IBOX - Black Green White Yellow Purple Red Garansi Resmi TAM,12321000
23,iPhone 11 64gb 64 second original kondisi Like new,11700000
24,iPhone 11 64gb garansi resmi ibox Indonesia,12949900
25,iPhone 11 128GB Garansi Resmi iBox,14266000
26,IPHONE 11 128GB ALL COLOUR GARANSI RESMI 1 TAHUN,14100000
27,APPLE IPHONE 11 128GB - DUAL-NANO SIM 128 / PUPRLE GREEN WHITE BLACK,13299000
28,(DUAL SIM) iPhone 256GB / 256 11 - Black Green White Yellow Purple Red,15499000
29,[DUAL] iPhone 256GB 128GB 64GB 11 Black White Yellow Red Green Purple,13070000
30,Iphone 11 128gb green / purple original new garansi apple store 1 thn,13800000
31,(READY) Iphone 11 256 GB - White / Black / Red (BNIB),14699000
32,(DUAL SIM) iPhone 64GB / 64 11 - Black Green White Yellow Purple Red,12499000
33,[DUAL NANO]iPhone 128GB /128 GB 11 Black White Yellow Red,13225000
34,iPhone 11 128Gb Garansi Resmi Ibox Indonesia,14399900
35,IPhone 11 Pro 64GB Second Active ORGINAL PERFECT LIKE NEW,15000000
36,Iphone 11 64gb green / purple original new garansi apple store 1 thn,12800000
37,Apple iPhone 11 64 GB - Garansi Resmi iBox Apple Indonesia,12950000
38,APPLE IPHONE 11 64GB GARANSI RESMI,13929000
39,(READY) Iphone 11 128GB - Black / White / Red (BNIB),13499000
40,[DUAL SIM] iPhone 11 Pro 256GB 256 Space Gray Green Silver Gold,20299000
41,Iphone 11 second original 128gb,11699000
42,iphone 11 Pro MidnightGreen - 64GB Garansi Apple Store Resmi Ori 100%,17850000
43,IPHONE 11 - 64GB - NEW - APPLE,13299000
44,BNIB iPhone 11 64GB Grs Resmi Apple Indonesia 64 iBox new,13050000
45,iPhone 11 128GB Dual Nano HK Set - Garansi Resmi Apple 1 Tahun,13750000
46,iPhone 11 256GB | NEW - SEGEL-ORIGINAL-GARANSI Apple iPhone 11 256 GB,13740000
47,Iphone 11 256gb green / purple original new garansi apple store 1 thn,15850000
48,Apple iPhone 11 / XI 64GB 64 GB Black White Red Yellow Purple Green,13398000
49,Apple iPhone 11 128 GB - Garansi Resmi iBox Apple Indonesia,14500000
50,iPhone 11 pro 64gb 64 second original kondisi like new,15000000
51,IPhone 11 Pro 256GB Second Active ORGINAL PERFECT LIKE NEW,17290000
52,Apple Iphone 11 128Gb New Original iPhone,12750000
53,iphone 11 64GB Original Garansi iBox,13499000
54,Apple Iphone 11 Pro 64Gb New Original iPhone,16800000
55,Iphone 11 pro 64gb second inter,13499000
56,iPhone 11 64GB,12999000
57,Iphone 11 Pro Gold Silver Grey - 64GB Ori 100% apple garansi,17700000
58,Iphone 11 pro 64gb second fullset mulus no minus,13497000
59,APPLE IPHONE 11 64GB GRS RESMI IBOX INDONESIA,13050000
60,"[DUAL SIM] iPhone 11 128GB / 128 RED, BLACK, WHITE, PURPLE, GREEN - DUALNANO GREEN",13549000
61,(DUAL SIM) iPhone 128GB / 128 11 - Black Green White Yellow Purple Red - Black,13750000
62,[DUAL SIM] iPhone 11 Pro 256GB 256 Space Gray Green Silver Gold - SINGLENANO,20299000
63,Iphone 11 Pro Max Original 64gb Zpa Gojek Grab,15550000
64,Iphone 11 Pro Max 512GB 512 GB Garansi Resmi TAM 1 Tahun - Grey,27575000
